time,meanMsgsAtGateway,meanAtService
0,0,0
0.1,0,0
0.2,1,0
0.3,2,0
0.4,2,0
0.5,3,0
0.6,3,0
0.7,4,0
0.8,4,0
0.9,4,0
1.0,4,0
1.1,4,0
1.2,5,0
1.3,5,0
1.4,5,0
1.5,5,0
1.6,5,0
1.7,5,0
1.8,5,0
1.9,6,0
2.0,6,0
2.1,6,0
2.2,6,0
2.3,6,0
2.4,6,0
2.5,6,0
2.6,6,0
2.7,6,0
2.8,6,0
2.9,6,0
3.0,6,0
3.1,6,0
3.2,6,0
3.3,7,0
3.4,7,0
3.5,7,0
3.6,7,0
3.7,7,0
3.8,7,0
3.9,7,0
4.0,7,0
4.1,7,0
4.2,7,0
4.3,7,0
4.4,7,0
4.5,7,0
4.6,7,0
4.7,7,0
4.8,7,0
4.9,7,0
5.0,7,0
5.1,7,0
5.2,7,0
5.3,7,0
5.4,7,0
5.5,8,0
5.6,8,0
5.7,8,0
5.8,8,0
5.9,8,0
6.0,8,0
6.1,8,0
6.2,8,0
6.3,8,0
6.4,8,0
6.5,8,0
6.6,8,0
6.7,8,0
6.8,9,0
6.9,9,0
7.0,9,0
7.1,9,0
7.2,9,0
7.3,9,0
7.4,9,0
7.5,9,0
7.6,9,0
7.7,9,0
7.8,9,0
7.9,10,0
8.0,11,0
8.1,11,0
8.2,12,0
8.3,12,0
8.4,12,0
8.5,12,0
8.6,12,0
8.7,14,0
8.8,14,0
8.9,14,0
9.0,14,0
9.1,14,0
9.2,15,0
9.3,15,0
9.4,15,0
9.5,15,0
9.6,15,0
9.7,15,0
9.8,15,0
9.9,15,0
10.0,15,0
10.1,15,0
10.2,15,0
10.3,15,0
10.4,15,0
10.5,15,0
10.6,15,0
10.7,15,0
10.8,15,0
10.9,15,0
11.0,15,0
11.1,16,0
11.2,16,0
11.3,16,0
11.4,16,0
11.5,16,0
11.6,16,0
11.7,16,0
11.8,17,0
11.9,17,0
12.0,17,0
12.1,17,0
12.2,17,0
12.3,18,0
12.4,18,0
12.5,18,0
12.6,18,0
12.7,18,0
12.8,18,0
12.9,0,22
13.0,0,22
13.1,0,21
13.2,0,21
13.3,0,21
13.4,1,21
13.5,1,21
13.6,1,21
13.7,1,21
13.8,1,21
13.9,1,21
14.0,1,21
14.1,1,21
14.2,1,20
14.3,1,20
14.4,1,20
14.5,1,20
14.6,1,20
14.7,1,20
14.8,1,20
14.9,1,20
15.0,1,19
15.1,1,19
15.2,1,19
15.3,1,19
15.4,1,19
15.5,1,19
15.6,1,18
15.7,1,18
15.8,1,18
15.9,1,18
16.0,1,18
16.1,1,18
16.2,1,18
16.3,1,18
16.4,1,15
16.5,1,15
16.6,1,15
16.7,1,15
16.8,1,15
16.9,1,15
17.0,1,14
17.1,1,14
17.2,1,14
17.3,1,14
17.4,1,14
17.5,1,14
17.6,1,14
17.7,1,14
17.8,1,14
17.9,1,14
18.0,1,14
18.1,1,14
18.2,1,14
18.3,1,14
18.4,1,14
18.5,1,14
18.6,1,14
18.7,2,14
18.8,2,14
18.9,2,14
19.0,2,14
19.1,2,14
19.2,2,14
19.3,2,14
19.4,2,13
19.5,2,13
19.6,2,13
19.7,3,13
19.8,3,13
19.9,3,13
20.0,3,13
20.1,3,13
20.2,3,13
20.3,3,13
20.4,3,13
20.5,3,12
20.6,3,12
20.7,3,12
20.8,3,11
20.9,3,11
21.0,3,11
21.1,3,10
21.2,3,10
21.3,3,10
21.4,3,10
21.5,3,10
21.6,3,10
21.7,3,10
21.8,3,10
21.9,3,10
22.0,3,10
22.1,3,10
22.2,4,9
22.3,4,9
22.4,4,9
22.5,4,9
22.6,4,9
22.7,4,9
22.8,4,9
22.9,4,9
23.0,4,8
23.1,4,8
23.2,4,8
23.3,4,8
23.4,4,8
23.5,4,8
23.6,4,8
23.7,4,8
23.8,4,8
23.9,4,8
24.0,4,7
24.1,4,7
24.2,4,7
24.3,4,7
24.4,4,7
24.5,4,7
24.6,5,7
24.7,5,7
24.8,5,7
24.9,5,7
25.0,5,6
25.1,5,6
25.2,5,6
25.3,5,6
25.4,5,6
25.5,5,6
25.6,6,6
25.7,6,6
25.8,6,5
25.9,6,4
26.0,6,4
26.1,6,4
26.2,6,4
26.3,7,4
26.4,7,4
26.5,7,4
26.6,7,4
26.7,7,4
26.8,7,4
26.9,7,4
27.0,7,4
27.1,7,4
27.2,7,4
27.3,7,4
27.4,7,3
27.5,7,3
27.6,7,1
27.7,7,1
27.8,7,0
27.9,8,0
28.0,8,0
28.1,8,0
28.2,8,0
28.3,8,0
28.4,8,0
28.5,8,0
28.6,8,0
28.7,8,0
28.8,8,0
28.9,8,0
29.0,8,0
29.1,8,0
29.2,8,0
29.3,8,0
29.4,8,0
29.5,8,0
29.6,8,0
29.7,8,0
29.8,8,0
29.9,8,0
30.0,9,0
30.1,10,0
30.2,10,0
30.3,10,0
30.4,10,0
30.5,10,0
30.6,10,0
30.7,10,0
30.8,10,0
30.9,10,0
31.0,10,0
31.1,10,0
31.2,10,0
31.3,10,0
31.4,10,0
31.5,10,0
31.6,10,0
31.7,11,0
31.8,11,0
31.9,11,0
32.0,11,0
32.1,11,0
32.2,11,0
32.3,11,0
32.4,11,0
32.5,11,0
32.6,11,0
32.7,11,0
32.8,11,0
32.9,11,0
33.0,12,0
33.1,12,0
33.2,12,0
33.3,12,0
33.4,12,0
33.5,12,0
33.6,12,0
33.7,12,0
33.8,12,0
33.9,12,0
34.0,12,0
34.1,12,0
34.2,12,0
34.3,12,0
34.4,12,0
34.5,13,0
34.6,13,0
34.7,13,0
34.8,13,0
34.9,14,0
35.0,14,0
35.1,14,0
35.2,14,0
35.3,14,0
35.4,14,0
35.5,14,0
35.6,14,0
35.7,14,0
35.8,14,0
35.9,14,0
36.0,14,0
36.1,14,0
36.2,14,0
36.3,14,0
36.4,14,0
36.5,14,0
36.6,14,0
36.7,14,0
36.8,14,0
36.9,14,0
37.0,16,0
37.1,16,0
37.2,16,0
37.3,16,0
37.4,16,0
37.5,16,0
37.6,16,0
37.7,16,0
37.8,17,0
37.9,17,0
38.0,17,0
38.1,17,0
38.2,17,0
38.3,17,0
38.4,0,19
38.5,1,19
38.6,1,19
38.7,1,19
38.8,1,19
38.9,1,18
39.0,1,18
39.1,1,18
39.2,1,17
39.3,1,17
39.4,1,17
39.5,1,16
39.6,1,16
39.7,1,16
39.8,1,16
39.9,1,16
40.0,1,16
40.1,1,16
40.2,1,15
40.3,1,14
40.4,1,14
40.5,1,13
40.6,2,13
40.7,3,13
40.8,3,13
40.9,3,13
41.0,3,13
41.1,3,12
41.2,4,12
41.3,4,12
41.4,4,12
41.5,5,12
41.6,5,11
41.7,5,11
41.8,5,11
41.9,5,11
42.0,5,11
42.1,5,11
42.2,5,11
42.3,5,11
42.4,5,11
42.5,5,11
42.6,5,11
42.7,5,11
42.8,5,11
42.9,5,11
43.0,5,11
43.1,5,11
43.2,5,10
43.3,5,10
43.4,5,10
43.5,5,10
43.6,5,10
43.7,5,10
43.8,5,10
43.9,5,10
44.0,5,10
44.1,5,10
44.2,5,9
44.3,6,9
44.4,6,9
44.5,6,9
44.6,6,9
44.7,6,9
44.8,6,9
44.9,6,9
45.0,6,8
45.1,6,8
45.2,6,8
45.3,6,8
45.4,6,8
45.5,6,8
45.6,6,8
45.7,6,8
45.8,6,8
45.9,6,8
46.0,7,8
46.1,7,7
46.2,7,7
46.3,7,6
46.4,7,6
46.5,7,5
46.6,7,5
46.7,7,5
46.8,7,5
46.9,7,5
47.0,7,5
47.1,8,5
47.2,8,5
47.3,8,5
47.4,8,5
47.5,8,5
47.6,8,5
47.7,8,5
47.8,9,5
47.9,9,5
48.0,10,5
48.1,11,5
48.2,11,5
48.3,11,5
48.4,11,5
48.5,11,5
48.6,11,5
48.7,11,5
48.8,11,5
48.9,11,4
49.0,13,4
49.1,13,4
49.2,13,4
49.3,13,4
49.4,13,4
49.5,13,4
49.6,13,4
49.7,13,4
49.8,13,4
49.9,13,4
50.0,13,4
50.1,13,4
50.2,13,4
50.3,13,3
50.4,14,3
50.5,14,3
50.6,14,3
50.7,14,3
50.8,14,3
50.9,14,3
51.0,14,2
51.1,14,2
51.2,14,1
51.3,14,1
51.4,14,1
51.5,14,1
51.6,14,1
51.7,14,1
51.8,14,1
51.9,14,1
52.0,14,1
52.1,14,1
52.2,14,1
52.3,15,1
52.4,15,1
52.5,15,1
52.6,15,1
52.7,15,1
52.8,15,1
52.9,15,1
53.0,15,1
53.1,15,1
53.2,15,1
53.3,15,1
53.4,15,1
53.5,15,1
53.6,16,1
53.7,17,1
53.8,19,1
53.9,19,1
54.0,19,0
54.1,19,0
54.2,19,0
54.3,19,0
54.4,19,0
54.5,19,0
54.6,19,0
54.7,19,0
54.8,0,22
54.9,0,22
55.0,0,22
55.1,0,22
55.2,0,22
55.3,0,21
55.4,0,21
55.5,0,21
55.6,1,21
55.7,1,21
55.8,1,21
55.9,1,21
56.0,1,21
56.1,1,21
56.2,1,21
56.3,1,21
56.4,1,20
56.5,2,20
56.6,2,20
56.7,2,20
56.8,2,20
56.9,2,20
57.0,2,20
57.1,3,20
57.2,3,20
57.3,3,20
57.4,3,20
57.5,4,20
57.6,4,19
57.7,4,19
57.8,4,19
57.9,4,19
58.0,5,19
58.1,7,19
58.2,8,19
58.3,8,19
58.4,10,19
58.5,10,19
58.6,11,18
58.7,11,18
58.8,11,18
58.9,11,18
59.0,11,18
59.1,11,17
59.2,11,16
59.3,12,16
59.4,12,16
59.5,12,16
59.6,12,16
59.7,12,16
59.8,12,16
59.9,12,16
60.0,12,16
60.1,12,16
60.2,12,16
60.3,12,16
60.4,12,16
60.5,13,16
60.6,13,16
60.7,13,16
60.8,13,16
60.9,13,16
61.0,13,16
61.1,13,16
61.2,13,16
61.3,13,16
61.4,13,16
61.5,13,16
61.6,13,16
61.7,13,16
61.8,13,16
61.9,13,16
62.0,13,16
62.1,13,16
62.2,13,16
62.3,13,15
62.4,13,15
62.5,13,15
62.6,14,15
62.7,14,15
62.8,14,15
62.9,15,15
63.0,15,15
63.1,15,15
63.2,15,15
63.3,15,15
63.4,16,14
63.5,17,13
63.6,17,13
63.7,17,13
63.8,17,13
63.9,17,13
64.0,17,11
64.1,19,11
64.2,19,11
64.3,0,33
64.4,0,33
64.5,0,33
64.6,0,33
64.7,0,33
64.8,0,33
64.9,0,33
65.0,0,33
65.1,0,33
65.2,0,33
65.3,0,32
65.4,0,32
65.5,0,32
65.6,0,32
65.7,0,32
65.8,0,32
65.9,0,32
66.0,0,32
66.1,0,32
66.2,0,32
66.3,0,32
66.4,0,32
66.5,0,32
66.6,0,32
66.7,0,32
66.8,0,31
66.9,0,31
67.0,0,31
67.1,0,30
67.2,0,30
67.3,0,29
67.4,0,29
67.5,0,29
67.6,0,29
67.7,0,29
67.8,1,29
67.9,1,29
68.0,1,29
68.1,2,29
68.2,2,29
68.3,2,29
68.4,2,29
68.5,2,29
68.6,2,29
68.7,2,29
68.8,3,29
68.9,3,29
69.0,3,29
69.1,3,29
69.2,3,29
69.3,3,29
69.4,3,29
69.5,3,29
69.6,3,28
69.7,4,28
69.8,4,28
69.9,4,28
70.0,4,28
70.1,4,28
70.2,4,28
70.3,4,27
70.4,4,27
70.5,4,27
70.6,4,27
70.7,5,27
70.8,5,27
70.9,5,26
71.0,5,26
71.1,5,25
71.2,5,25
71.3,6,24
71.4,6,24
71.5,6,24
71.6,6,24
71.7,7,24
71.8,7,24
71.9,7,24
72.0,8,24
72.1,8,24
72.2,8,24
72.3,8,23
72.4,8,23
72.5,8,23
72.6,9,23
72.7,9,23
72.8,9,23
72.9,9,23
73.0,9,23
73.1,9,23
73.2,9,23
73.3,9,23
73.4,9,23
73.5,9,23
73.6,9,23
73.7,9,23
73.8,9,23
73.9,9,22
74.0,9,22
74.1,9,22
74.2,9,22
74.3,9,22
74.4,9,22
74.5,9,22
74.6,9,21
74.7,10,21
74.8,10,21
74.9,10,20
75.0,10,20
75.1,10,20
75.2,11,20
75.3,11,20
75.4,11,20
75.5,11,20
75.6,11,20
75.7,11,20
75.8,11,20
75.9,11,20
76.0,11,20
76.1,12,20
76.2,12,20
76.3,12,20
76.4,12,20
76.5,12,20
76.6,12,19
76.7,12,19
76.8,13,19
76.9,13,19
77.0,14,19
77.1,14,19
77.2,14,19
77.3,15,19
77.4,16,19
77.5,16,19
77.6,17,19
77.7,18,19
77.8,18,19
77.9,18,19
78.0,18,19
78.1,18,19
78.2,18,19
78.3,19,19
78.4,19,19
78.5,0,40
78.6,0,40
78.7,0,40
78.8,0,40
78.9,0,40
79.0,0,39
79.1,0,39
79.2,0,38
79.3,0,38
79.4,0,38
79.5,0,38
79.6,0,38
79.7,0,37
79.8,0,37
79.9,1,37
80.0,2,36
80.1,2,36
80.2,3,36
80.3,3,36
80.4,4,36
80.5,4,36
80.6,4,36
80.7,4,36
80.8,4,36
80.9,4,36
81.0,4,36
81.1,4,36
81.2,4,36
81.3,4,35
81.4,5,35
81.5,5,35
81.6,5,35
81.7,5,35
81.8,5,35
81.9,5,35
82.0,5,35
82.1,5,35
82.2,5,35
82.3,5,35
82.4,5,35
82.5,5,35
82.6,5,34
82.7,5,34
82.8,5,34
82.9,5,34
83.0,5,34
83.1,6,34
83.2,6,33
83.3,6,33
83.4,6,33
83.5,7,33
83.6,7,33
83.7,7,33
83.8,7,33
83.9,7,33
84.0,8,33
84.1,9,33
84.2,9,33
84.3,9,33
84.4,9,33
84.5,9,32
84.6,9,32
84.7,9,32
84.8,9,32
84.9,9,32
85.0,9,32
85.1,9,32
85.2,9,32
85.3,9,31
85.4,9,31
85.5,9,31
85.6,9,31
85.7,9,31
85.8,9,30
85.9,9,30
86.0,9,29
86.1,9,28
86.2,9,28
86.3,9,28
86.4,10,28
86.5,11,27
86.6,11,27
86.7,11,27
86.8,11,27
86.9,11,27
87.0,11,27
87.1,11,27
87.2,11,27
87.3,12,27
87.4,12,27
87.5,12,27
87.6,12,27
87.7,12,27
87.8,12,27
87.9,12,27
88.0,12,27
88.1,12,27
88.2,12,27
88.3,12,27
88.4,12,27
88.5,13,26
88.6,13,26
88.7,13,25
88.8,14,25
88.9,14,25
89.0,14,25
89.1,14,25
89.2,14,25
89.3,14,25
89.4,14,25
89.5,14,25
89.6,14,25
89.7,15,25
89.8,15,24
89.9,15,23
90.0,16,23
90.1,16,23
90.2,16,23
90.3,17,23
90.4,17,22
90.5,17,21
90.6,17,21
90.7,18,21
90.8,18,21
90.9,18,21
91.0,18,21
91.1,18,20
91.2,18,20
91.3,18,20
91.4,18,20
91.5,18,20
91.6,18,20
91.7,18,20
91.8,18,20
91.9,18,20
92.0,18,20
92.1,18,20
92.2,18,20
92.3,18,20
92.4,18,20
92.5,18,20
92.6,18,20
92.7,18,19
92.8,18,18
92.9,18,18
93.0,18,18
93.1,18,18
93.2,18,18
93.3,18,18
93.4,18,18
93.5,19,18
93.6,19,18
93.7,19,18
93.8,19,18
93.9,19,17
94.0,0,38
94.1,0,38
94.2,0,38
94.3,0,38
94.4,0,38
94.5,0,38
94.6,0,38
94.7,0,38
94.8,0,38
94.9,0,38
95.0,0,38
95.1,0,38
95.2,1,38
95.3,1,38
95.4,1,38
95.5,2,38
95.6,2,38
95.7,2,37
95.8,2,37
95.9,2,36
96.0,2,36
96.1,2,35
96.2,3,35
96.3,3,35
96.4,3,35
96.5,3,35
96.6,3,35
96.7,3,35
96.8,3,35
96.9,3,35
97.0,3,35
97.1,3,35
97.2,3,35
97.3,3,35
97.4,3,35
97.5,3,35
97.6,3,35
97.7,3,35
97.8,4,35
97.9,4,35
98.0,4,35
98.1,4,35
98.2,4,35
98.3,4,35
98.4,4,35
98.5,4,35
98.6,4,35
98.7,5,35
98.8,5,35
98.9,5,35
99.0,5,35
99.1,6,35
99.2,6,35
99.3,6,35
99.4,6,35
99.5,6,35
99.6,6,34
99.7,6,34
99.8,6,34
99.9,6,34
100.0,8,34
100.1,8,34
100.2,8,34
100.3,8,34
100.4,8,34
100.5,8,34
100.6,8,34
100.7,8,34
100.8,8,34
100.9,8,34
101.0,8,34
101.1,8,34
101.2,8,34
101.3,8,34
101.4,9,34
101.5,9,34
101.6,9,34
101.7,10,34
101.8,10,34
101.9,10,34
102.0,10,34
102.1,10,34
102.2,10,34
102.3,10,34
102.4,11,34
102.5,12,34
102.6,12,34
102.7,12,33
102.8,12,33
102.9,12,33
103.0,12,33
103.1,12,33
103.2,12,33
103.3,12,33
103.4,12,33
103.5,12,33
103.6,12,33
103.7,13,33
103.8,13,33
103.9,13,33
104.0,13,33
104.1,13,33
104.2,13,33
104.3,14,33
104.4,14,33
104.5,14,33
104.6,14,33
104.7,14,33
104.8,14,33
104.9,14,33
105.0,15,33
105.1,15,33
105.2,15,33
105.3,15,33
105.4,15,33
105.5,15,33
105.6,16,33
105.7,16,32
105.8,16,32
105.9,16,32
106.0,16,32
106.1,16,32
106.2,16,32
106.3,16,32
106.4,16,32
106.5,16,32
106.6,16,32
106.7,16,32
106.8,17,32
106.9,17,32
107.0,17,32
107.1,17,31
107.2,17,31
107.3,17,31
107.4,17,31
107.5,17,31
107.6,17,31
107.7,17,31
107.8,17,31
107.9,17,31
108.0,17,31
108.1,17,31
108.2,17,31
108.3,17,31
108.4,18,31
108.5,18,30
108.6,18,30
108.7,18,30
108.8,18,30
108.9,18,30
109.0,18,30
109.1,18,30
109.2,18,30
109.3,18,30
109.4,18,30
109.5,18,30
109.6,18,30
109.7,18,30
109.8,19,30
109.9,19,30
110.0,19,30
110.1,19,30
110.2,0,52
110.3,0,51
110.4,0,51
110.5,0,51
110.6,0,51
110.7,0,51
110.8,0,51
110.9,0,51
111.0,0,51
111.1,0,50
111.2,0,50
111.3,0,50
111.4,0,49
111.5,0,49
111.6,0,49
111.7,0,49
111.8,0,48
111.9,0,47
112.0,0,47
112.1,0,47
112.2,0,47
112.3,0,47
112.4,0,47
112.5,0,47
112.6,0,47
112.7,0,47
112.8,0,47
112.9,0,47
113.0,0,47
113.1,0,47
113.2,0,47
113.3,0,47
113.4,0,47
113.5,0,47
113.6,0,45
113.7,0,44
113.8,0,44
113.9,1,44
114.0,1,44
114.1,1,44
114.2,1,44
114.3,1,44
114.4,1,44
114.5,1,44
114.6,1,44
114.7,1,44
114.8,1,44
114.9,1,44
115.0,1,44
115.1,1,44
115.2,1,44
115.3,1,44
115.4,1,44
115.5,1,44
115.6,1,44
115.7,1,44
115.8,1,44
115.9,1,44
116.0,1,43
116.1,1,43
116.2,1,43
116.3,1,43
116.4,1,43
116.5,1,43
116.6,1,43
116.7,1,43
116.8,1,43
116.9,1,43
117.0,1,43
117.1,1,42
117.2,1,42
117.3,1,42
117.4,1,42
117.5,1,42
117.6,1,42
117.7,1,42
117.8,1,42
117.9,1,42
118.0,1,42
118.1,2,42
118.2,2,41
118.3,2,41
118.4,2,41
118.5,2,41
118.6,2,41
118.7,2,41
118.8,2,41
118.9,2,41
119.0,3,41
119.1,3,41
119.2,4,39
119.3,5,39
119.4,5,39
119.5,5,39
119.6,5,39
119.7,5,38
119.8,5,38
119.9,5,38
120.0,5,38
120.1,5,38
120.2,5,38
120.3,5,37
120.4,5,37
120.5,5,37
120.6,5,37
120.7,5,37
120.8,5,37
120.9,5,37
121.0,5,37
121.1,5,37
121.2,5,37
121.3,5,37
121.4,5,37
121.5,6,37
121.6,6,37
121.7,6,37
121.8,6,37
121.9,6,37
122.0,6,37
122.1,6,37
122.2,6,37
122.3,6,37
122.4,7,37
122.5,7,37
122.6,7,37
122.7,7,37
122.8,7,37
122.9,7,37
123.0,7,37
123.1,7,37
123.2,7,37
123.3,7,37
123.4,7,37
123.5,7,37
123.6,7,37
123.7,7,37
123.8,7,37
123.9,7,37
124.0,7,37
124.1,7,37
124.2,7,37
124.3,7,37
124.4,7,37
124.5,7,37
124.6,7,37
124.7,7,37
124.8,7,37
124.9,7,37
125.0,7,37
125.1,7,37
125.2,7,36
125.3,7,36
125.4,7,35
125.5,7,35
125.6,7,35
125.7,7,35
125.8,7,35
125.9,7,35
126.0,7,35
126.1,7,35
126.2,7,35
126.3,7,35
126.4,7,35
126.5,7,35
126.6,7,35
126.7,7,35
126.8,7,34
126.9,7,33
127.0,8,33
127.1,8,33
127.2,8,33
127.3,8,33
127.4,8,33
127.5,8,33
127.6,8,33
127.7,8,33
127.8,8,33
127.9,8,33
128.0,8,33
128.1,8,33
128.2,8,33
128.3,8,33
128.4,8,33
128.5,9,32
128.6,9,32
128.7,10,32
128.8,11,32
128.9,12,32
129.0,12,32
129.1,12,32
129.2,12,32
129.3,12,32
129.4,12,32
129.5,12,32
129.6,12,32
129.7,12,32
129.8,12,31
129.9,12,31
130.0,12,30
130.1,14,29
130.2,14,29
130.3,14,29
130.4,14,29
130.5,14,29
130.6,14,29
130.7,15,27
130.8,15,27
130.9,16,27
131.0,16,27
131.1,16,27
131.2,16,27
131.3,16,26
131.4,16,26
131.5,16,26
131.6,16,26
131.7,16,26
131.8,16,26
131.9,16,25
132.0,16,25
132.1,16,25
132.2,16,24
132.3,16,24
132.4,16,24
132.5,16,24
132.6,16,23
132.7,16,23
132.8,16,23
132.9,16,23
133.0,16,23
133.1,16,23
133.2,16,23
133.3,16,23
133.4,16,22
133.5,16,22
133.6,16,21
133.7,16,20
133.8,16,20
133.9,16,20
134.0,16,19
134.1,16,19
134.2,16,19
134.3,16,19
134.4,16,19
134.5,16,17
134.6,16,17
134.7,16,17
134.8,16,16
134.9,16,16
135.0,16,16
135.1,16,15
135.2,16,15
135.3,16,15
135.4,16,15
135.5,16,15
135.6,17,15
135.7,17,15
135.8,17,15
135.9,17,15
136.0,17,15
136.1,18,15
136.2,18,14
136.3,18,14
136.4,18,14
136.5,18,14
136.6,18,14
136.7,18,14
136.8,18,14
136.9,18,14
137.0,18,14
137.1,18,14
137.2,18,14
137.3,19,14
137.4,0,36
137.5,1,35
137.6,1,35
137.7,1,35
137.8,2,35
137.9,2,35
138.0,2,35
138.1,2,35
138.2,2,34
138.3,2,34
138.4,2,34
138.5,2,34
138.6,2,34
138.7,2,34
138.8,2,32
138.9,2,32
139.0,3,32
139.1,3,32
139.2,4,32
139.3,4,32
139.4,4,32
139.5,5,32
139.6,5,31
139.7,5,31
139.8,5,31
139.9,5,31
140.0,6,31
140.1,6,31
140.2,6,31
140.3,6,31
140.4,7,31
140.5,8,31
140.6,8,31
140.7,8,31
140.8,8,31
140.9,8,31
141.0,8,31
141.1,9,31
141.2,9,31
141.3,9,31
141.4,9,31
141.5,9,31
141.6,9,31
141.7,10,30
141.8,10,30
141.9,10,30
142.0,10,30
142.1,11,30
142.2,11,30
142.3,11,30
142.4,11,30
142.5,11,30
142.6,11,30
142.7,11,30
142.8,11,30
142.9,11,29
143.0,11,29
143.1,11,29
143.2,11,29
143.3,11,29
143.4,11,28
143.5,11,28
143.6,11,28
143.7,11,28
143.8,11,28
143.9,11,27
144.0,11,27
144.1,11,27
144.2,11,27
144.3,11,27
144.4,12,27
144.5,12,27
144.6,12,27
144.7,12,27
144.8,12,27
144.9,12,27
145.0,12,27
145.1,12,27
145.2,12,27
145.3,12,26
145.4,13,26
145.5,13,26
145.6,14,26
145.7,14,26
145.8,14,26
145.9,14,26
146.0,14,26
146.1,14,25
146.2,14,25
146.3,14,24
146.4,14,24
146.5,14,24
146.6,14,23
146.7,14,23
146.8,14,22
146.9,14,22
147.0,14,22
147.1,14,21
147.2,14,21
147.3,14,21
147.4,14,21
147.5,14,21
147.6,14,20
147.7,14,20
147.8,14,20
147.9,14,20
148.0,15,20
148.1,15,20
148.2,15,20
148.3,15,19
148.4,15,19
148.5,15,18
148.6,15,18
148.7,17,18
148.8,17,18
148.9,17,18
149.0,17,18
149.1,17,18
149.2,17,18
149.3,17,18
149.4,17,18
149.5,17,17
149.6,18,17
149.7,18,17
149.8,19,17
149.9,19,17
150.0,19,17
150.1,19,17
150.2,19,17
150.3,19,17
150.4,19,17
150.5,1,39
150.6,1,39
150.7,1,39
150.8,1,39
150.9,1,38
151.0,1,38
151.1,1,38
151.2,1,38
151.3,1,38
151.4,1,38
151.5,1,38
151.6,1,38
151.7,1,38
151.8,1,38
151.9,1,38
152.0,1,38
152.1,1,38
152.2,1,38
152.3,1,38
152.4,1,37
152.5,1,37
152.6,1,37
152.7,1,37
152.8,2,37
152.9,2,37
153.0,2,37
153.1,2,37
153.2,2,37
153.3,2,37
153.4,2,37
153.5,2,37
153.6,2,37
153.7,2,37
153.8,2,37
153.9,2,37
154.0,2,37
154.1,2,37
154.2,2,37
154.3,3,37
154.4,3,36
154.5,3,36
154.6,3,36
154.7,4,35
154.8,4,34
154.9,4,34
155.0,4,34
155.1,4,34
155.2,4,34
155.3,4,34
155.4,4,34
155.5,4,34
155.6,5,34
155.7,5,34
155.8,5,34
155.9,5,33
156.0,5,33
156.1,5,33
156.2,5,33
156.3,5,33
156.4,5,33
156.5,5,33
156.6,5,33
156.7,5,32
156.8,5,31
156.9,5,31
157.0,5,31
157.1,5,31
157.2,5,31
157.3,5,31
157.4,5,31
157.5,5,31
157.6,5,31
157.7,5,31
157.8,5,31
157.9,5,31
158.0,5,31
158.1,6,31
158.2,6,31
158.3,6,31
158.4,6,31
158.5,6,31
158.6,6,31
158.7,6,31
158.8,6,31
158.9,6,31
159.0,6,31
159.1,6,31
159.2,6,31
159.3,6,31
159.4,6,30
159.5,6,30
159.6,6,30
159.7,6,30
159.8,6,29
159.9,7,29
160.0,7,28
160.1,7,28
160.2,7,28
160.3,7,26
160.4,7,26
160.5,7,26
160.6,7,26
160.7,7,26
160.8,7,26
160.9,7,26
161.0,7,26
161.1,7,26
161.2,7,25
161.3,8,25
161.4,8,25
161.5,8,25
161.6,8,25
161.7,8,25
161.8,8,25
161.9,8,24
162.0,8,24
162.1,9,23
162.2,9,23
162.3,11,23
162.4,11,23
162.5,11,23
162.6,11,23
162.7,11,23
162.8,11,23
162.9,11,23
163.0,11,23
163.1,11,23
163.2,12,23
163.3,12,23
163.4,12,23
163.5,12,23
163.6,12,23
163.7,12,23
163.8,12,23
163.9,12,23
164.0,13,23
164.1,13,23
164.2,13,23
164.3,13,23
164.4,13,23
164.5,13,22
164.6,13,22
164.7,14,22
164.8,14,21
164.9,14,21
165.0,14,21
165.1,14,21
165.2,14,21
165.3,14,21
165.4,14,21
165.5,14,21
165.6,14,21
165.7,14,21
165.8,14,21
165.9,15,21
166.0,15,20
166.1,15,20
166.2,15,20
166.3,15,20
166.4,15,20
166.5,15,20
166.6,15,20
166.7,15,19
166.8,15,19
166.9,15,19
167.0,15,19
167.1,15,19
167.2,15,19
167.3,15,19
167.4,15,19
167.5,15,18
167.6,15,18
167.7,16,17
167.8,16,17
167.9,16,17
168.0,16,16
168.1,16,16
168.2,16,15
168.3,17,14
168.4,18,14
168.5,18,14
168.6,18,14
168.7,18,14
168.8,18,13
168.9,18,12
169.0,18,12
169.1,18,12
169.2,18,12
169.3,18,12
169.4,18,12
169.5,18,12
169.6,18,12
169.7,18,12
169.8,18,12
169.9,18,12
170.0,18,12
170.1,18,12
170.2,18,12
170.3,18,12
170.4,19,12
170.5,19,12
170.6,19,12
170.7,19,12
170.8,19,12
170.9,19,12
171.0,19,12
171.1,19,12
171.2,19,12
171.3,19,11
171.4,19,11
171.5,19,11
171.6,19,11
171.7,19,11
171.8,19,10
171.9,19,10
172.0,19,9
172.1,19,9
172.2,19,9
172.3,19,9
172.4,19,9
172.5,19,8
172.6,19,8
172.7,19,8
172.8,19,8
172.9,19,8
173.0,19,8
173.1,19,7
173.2,19,7
173.3,19,7
173.4,19,7
173.5,19,7
173.6,19,6
173.7,19,6
173.8,19,6
173.9,19,6
174.0,19,6
174.1,19,6
174.2,19,6
174.3,19,6
174.4,19,6
174.5,19,6
174.6,19,5
174.7,19,5
174.8,19,5
174.9,19,5
175.0,19,5
175.1,19,5
175.2,19,5
175.3,19,5
175.4,19,5
175.5,0,26
175.6,0,26
175.7,0,26
175.8,0,26
175.9,0,26
176.0,0,26
176.1,0,26
176.2,0,26
176.3,0,26
176.4,0,26
176.5,0,25
176.6,0,25
176.7,0,25
176.8,0,25
176.9,0,25
177.0,0,25
177.1,0,25
177.2,0,25
177.3,0,25
177.4,0,25
177.5,0,25
177.6,0,25
177.7,0,24
177.8,0,24
177.9,0,24
178.0,0,24
178.1,1,23
178.2,1,23
178.3,1,23
178.4,1,22
178.5,1,22
178.6,1,22
178.7,1,22
178.8,1,22
178.9,1,22
179.0,1,22
179.1,1,21
179.2,1,21
179.3,1,21
179.4,1,21
179.5,1,21
179.6,1,21
179.7,1,21
179.8,1,21
179.9,1,21
180.0,1,21
180.1,1,21
180.2,1,21
180.3,1,21
180.4,1,21
180.5,1,21
180.6,2,21
180.7,3,21
180.8,4,21
180.9,4,21
181.0,4,21
181.1,4,21
181.2,4,21
181.3,4,21
181.4,4,21
181.5,4,21
181.6,4,21
181.7,4,21
181.8,4,20
181.9,4,20
182.0,4,19
182.1,6,19
182.2,6,19
182.3,6,19
182.4,6,19
182.5,6,19
182.6,6,19
182.7,6,19
182.8,6,18
182.9,6,18
183.0,6,18
183.1,7,18
183.2,7,18
183.3,7,18
183.4,7,18
183.5,7,18
183.6,7,18
183.7,7,18
183.8,7,18
183.9,7,18
184.0,7,18
184.1,7,18
184.2,7,18
184.3,7,17
184.4,7,16
184.5,7,16
184.6,7,16
184.7,7,15
184.8,7,15
184.9,7,15
185.0,7,15
185.1,7,15
185.2,7,15
185.3,7,15
185.4,7,15
185.5,7,15
185.6,7,15
185.7,7,14
185.8,7,14
185.9,7,14
186.0,7,14
186.1,7,14
186.2,7,14
186.3,7,14
186.4,7,14
186.5,7,14
186.6,7,14
186.7,7,14
186.8,7,13
186.9,7,13
187.0,7,13
187.1,7,13
187.2,8,13
187.3,8,12
187.4,8,12
187.5,8,12
187.6,8,12
187.7,8,12
187.8,8,12
187.9,8,12
188.0,8,12
188.1,8,12
188.2,8,12
188.3,8,12
188.4,8,12
188.5,8,12
188.6,8,12
188.7,8,12
188.8,8,12
188.9,9,12
189.0,9,12
189.1,10,12
189.2,11,12
189.3,11,12
189.4,11,11
189.5,11,10
189.6,11,10
189.7,11,10
189.8,13,10
189.9,13,10
190.0,13,9
190.1,13,9
190.2,14,8
190.3,14,8
190.4,14,7
190.5,14,7
190.6,14,7
190.7,14,7
190.8,14,7
190.9,14,7
191.0,14,7
191.1,14,7
191.2,14,7
191.3,14,7
191.4,14,7
191.5,15,7
191.6,16,7
191.7,16,7
191.8,16,7
191.9,17,7
192.0,17,7
192.1,17,7
192.2,18,7
192.3,18,7
192.4,19,7
192.5,19,7
192.6,19,7
192.7,19,7
192.8,19,7
192.9,19,7
193.0,19,7
193.1,19,7
193.2,19,7
193.3,19,7
193.4,19,7
193.5,19,7
193.6,19,6
193.7,1,28
193.8,1,28
193.9,1,28
194.0,1,28
194.1,1,28
194.2,2,27
194.3,2,27
194.4,3,27
194.5,4,27
194.6,5,26
194.7,5,26
194.8,6,26
194.9,6,26
195.0,7,25
195.1,7,25
195.2,8,25
195.3,8,25
195.4,8,25
195.5,8,24
195.6,8,24
195.7,8,24
195.8,8,24
195.9,8,24
196.0,8,24
196.1,8,24
196.2,8,24
196.3,8,24
196.4,8,23
196.5,8,23
196.6,9,23
196.7,10,23
196.8,10,23
196.9,10,23
197.0,10,23
197.1,10,23
197.2,10,23
197.3,10,23
197.4,10,23
197.5,10,23
197.6,10,23
197.7,10,23
197.8,10,23
197.9,10,23
198.0,10,23
198.1,10,23
198.2,10,23
198.3,10,23
198.4,10,23
198.5,10,23
198.6,10,22
198.7,10,22
198.8,10,21
198.9,11,21
199.0,11,21
199.1,11,20
199.2,11,20
199.3,11,20
199.4,11,20
199.5,11,20
199.6,11,20
199.7,12,19
199.8,12,19
199.9,12,19
200.0,12,19
200.1,12,18
200.2,12,18
200.3,13,18
200.4,13,18
200.5,13,18
200.6,13,18
200.7,13,18
200.8,13,18
200.9,13,18
201.0,13,18
201.1,13,18
201.2,13,17
201.3,14,17
201.4,14,17
201.5,14,17
201.6,14,16
201.7,14,16
201.8,14,16
201.9,14,16
202.0,14,16
202.1,14,16
202.2,14,16
202.3,14,15
202.4,14,14
202.5,14,14
202.6,14,14
202.7,14,14
202.8,14,13
202.9,14,13
203.0,14,13
203.1,14,13
203.2,14,13
203.3,14,13
203.4,14,13
203.5,15,13
203.6,15,13
203.7,15,13
203.8,15,13
203.9,15,12
204.0,15,12
204.1,15,12
204.2,16,11
204.3,16,11
204.4,16,11
204.5,16,10
204.6,16,10
204.7,16,10
204.8,17,10
204.9,17,10
205.0,17,10
205.1,17,10
205.2,17,10
205.3,18,10
205.4,18,10
205.5,18,10
205.6,18,10
205.7,18,10
205.8,18,10
205.9,19,10
206.0,19,10
206.1,19,9
206.2,19,9
206.3,19,9
206.4,19,9
206.5,19,9
206.6,19,9
206.7,0,31
206.8,0,31
206.9,0,31
207.0,0,31
207.1,0,31
207.2,0,31
207.3,0,31
207.4,0,31
207.5,0,30
207.6,0,30
207.7,0,30
207.8,0,29
207.9,0,29
208.0,0,29
208.1,0,29
208.2,0,29
208.3,0,29
208.4,0,29
208.5,0,29
208.6,0,29
208.7,0,29
208.8,1,28
208.9,1,28
209.0,1,27
209.1,1,26
209.2,1,26
209.3,1,26
209.4,1,26
209.5,1,26
209.6,1,26
209.7,1,26
209.8,1,26
209.9,1,26
210.0,1,26
210.1,1,26
210.2,2,26
210.3,2,25
210.4,2,25
210.5,2,25
210.6,2,25
210.7,2,25
210.8,2,25
210.9,2,25
211.0,2,25
211.1,3,25
211.2,4,25
211.3,4,25
211.4,6,25
211.5,6,25
211.6,6,25
211.7,6,25
211.8,6,25
211.9,6,25
212.0,6,25
212.1,7,24
212.2,7,24
212.3,7,24
212.4,7,23
212.5,7,23
212.6,7,23
212.7,7,23
212.8,7,23
212.9,7,23
213.0,8,23
213.1,8,23
213.2,8,23
213.3,8,22
213.4,8,22
213.5,8,22
213.6,8,22
213.7,9,21
213.8,9,20
213.9,9,20
214.0,9,20
214.1,9,20
214.2,9,19
214.3,9,19
214.4,10,19
214.5,10,18
214.6,10,18
214.7,10,18
214.8,10,18
214.9,10,18
215.0,10,18
215.1,10,18
215.2,10,18
215.3,11,18
215.4,12,18
215.5,12,18
215.6,12,18
215.7,12,17
215.8,12,17
215.9,12,17
216.0,12,16
216.1,12,15
216.2,12,15
216.3,12,15
216.4,12,15
216.5,12,15
216.6,13,15
216.7,13,15
216.8,13,15
216.9,13,15
217.0,13,15
217.1,13,15
217.2,13,15
217.3,13,15
217.4,13,15
217.5,13,15
217.6,13,15
217.7,13,15
217.8,13,15
217.9,13,15
218.0,13,15
218.1,13,15
218.2,13,14
218.3,13,14
218.4,13,14
218.5,13,14
218.6,13,14
218.7,13,14
218.8,13,14
218.9,13,14
219.0,13,14
219.1,13,14
219.2,13,14
219.3,13,14
219.4,13,14
219.5,13,13
219.6,13,12
219.7,13,12
219.8,13,11
219.9,13,11
220.0,14,11
220.1,14,10
220.2,14,10
220.3,14,8
220.4,14,8
220.5,15,7
220.6,15,7
220.7,15,7
220.8,15,6
220.9,15,6
221.0,15,6
221.1,16,6
221.2,17,6
221.3,18,5
221.4,18,5
221.5,18,5
221.6,18,5
221.7,18,5
221.8,18,5
221.9,18,5
222.0,18,5
222.1,18,5
222.2,18,5
222.3,18,5
222.4,18,5
222.5,18,5
222.6,18,5
222.7,18,5
222.8,18,5
222.9,18,5
223.0,18,5
223.1,18,5
223.2,18,5
223.3,18,5
223.4,18,5
223.5,18,5
223.6,18,5
223.7,18,4
223.8,18,4
223.9,18,4
224.0,18,4
224.1,18,4
224.2,18,4
224.3,18,4
224.4,18,4
224.5,18,4
224.6,18,4
224.7,18,4
224.8,18,4
224.9,18,4
225.0,18,4
225.1,18,4
225.2,18,4
225.3,18,4
225.4,18,4
225.5,18,4
225.6,18,4
225.7,18,4
225.8,18,4
225.9,18,4
226.0,18,4
226.1,18,4
226.2,18,4
226.3,18,4
226.4,18,3
226.5,18,3
226.6,18,3
226.7,18,3
226.8,18,3
226.9,18,3
227.0,18,3
227.1,18,3
227.2,18,2
227.3,18,2
227.4,18,1
227.5,18,1
227.6,18,1
227.7,18,1
227.8,18,1
227.9,18,1
228.0,18,1
228.1,18,0
228.2,18,0
228.3,19,0
228.4,19,0
228.5,19,0
228.6,19,0
228.7,0,22
228.8,0,21
228.9,0,21
229.0,0,21
229.1,0,21
229.2,0,21
229.3,0,21
229.4,0,21
229.5,0,21
229.6,0,21
229.7,0,21
229.8,0,20
229.9,0,20
230.0,0,20
230.1,0,20
230.2,0,20
230.3,1,20
230.4,1,20
230.5,1,20
230.6,1,20
230.7,1,20
230.8,1,20
230.9,1,20
231.0,3,20
231.1,3,20
231.2,3,18
231.3,3,18
231.4,3,18
231.5,3,18
231.6,3,18
231.7,4,18
231.8,4,18
231.9,4,18
232.0,4,18
232.1,4,18
232.2,4,18
232.3,4,18
232.4,4,18
232.5,5,18
232.6,5,18
232.7,5,18
232.8,5,18
232.9,6,18
233.0,7,18
233.1,7,18
233.2,7,18
233.3,7,17
233.4,7,17
233.5,7,17
233.6,7,17
233.7,7,16
233.8,7,16
233.9,7,16
234.0,7,16
234.1,7,16
234.2,7,16
234.3,7,16
234.4,7,16
234.5,7,16
234.6,7,16
234.7,8,16
234.8,9,16
234.9,9,16
235.0,9,16
235.1,9,16
235.2,9,16
235.3,10,16
235.4,10,16
235.5,10,16
235.6,10,15
235.7,10,15
235.8,10,15
235.9,11,15
236.0,11,15
236.1,11,15
236.2,11,14
236.3,11,14
236.4,11,14
236.5,11,14
236.6,11,14
236.7,11,14
236.8,11,14
236.9,11,14
237.0,11,14
237.1,11,14
237.2,11,14
237.3,11,14
237.4,12,14
237.5,12,14
237.6,12,14
237.7,12,14
237.8,12,14
237.9,12,14
238.0,12,13
238.1,12,13
238.2,12,12
238.3,12,12
238.4,12,11
238.5,12,11
238.6,12,11
238.7,12,11
238.8,13,11
238.9,13,11
239.0,13,11
239.1,13,11
239.2,14,11
239.3,15,11
239.4,15,11
239.5,15,11
239.6,15,11
239.7,15,11
239.8,15,11
239.9,15,10
240.0,15,10
240.1,15,9
240.2,15,9
240.3,15,9
240.4,15,8
240.5,15,8
240.6,15,8
240.7,15,8
240.8,15,8
240.9,15,8
241.0,15,8
241.1,15,8
241.2,15,8
241.3,15,8
241.4,15,8
241.5,15,8
241.6,15,8
241.7,15,8
241.8,16,8
241.9,16,8
242.0,16,7
242.1,16,7
242.2,16,7
242.3,16,6
242.4,16,6
242.5,16,6
242.6,16,6
242.7,16,5
242.8,16,5
242.9,16,5
243.0,16,5
243.1,17,4
243.2,17,4
243.3,17,4
243.4,17,4
243.5,18,4
243.6,18,4
243.7,18,4
243.8,18,4
243.9,18,4
244.0,18,4
244.1,18,4
244.2,18,4
244.3,18,4
244.4,18,3
244.5,18,3
244.6,19,2
244.7,19,2
244.8,19,2
244.9,19,2
245.0,19,2
245.1,19,2
245.2,19,2
245.3,19,2
245.4,19,2
245.5,19,2
245.6,19,2
245.7,19,2
245.8,19,1
245.9,19,1
246.0,19,1
246.1,19,1
246.2,19,1
246.3,19,1
246.4,19,1
246.5,19,1
246.6,19,1
246.7,19,1
246.8,19,1
246.9,19,0
247.0,19,0
247.1,19,0
247.2,19,0
247.3,19,0
247.4,19,0
247.5,19,0
247.6,19,0
247.7,0,22
247.8,0,22
247.9,0,22
248.0,0,22
248.1,0,22
248.2,0,22
248.3,0,22
248.4,0,22
248.5,0,22
248.6,0,21
248.7,0,21
248.8,0,21
248.9,0,21
249.0,0,21
249.1,0,21
249.2,0,21
249.3,0,21
249.4,0,21
249.5,0,21
249.6,0,21
249.7,0,20
249.8,0,19
249.9,0,18
250.0,0,18
